{"type": "block", "layer": 1, "block": 0, "features": [{"geom": {"polygons": [[[[-145.6033702219138, -22.043538119643927], [-78.89266274962574, 3.437588792294264], [-74.83201099082362, -4.640744864940643], [-140.96262535417918, -30.594540236517787], [-145.6033702219138, -22.043538119643927]]]], "centroids": [[-110.4601535386173, -13.606868293136358, 31.5]], "h": 4.5}, "mtl": {"idx": 0}}], "featureCount": 1, "startIndex": 0}