{"type": "block", "layer": 2, "block": 0, "features": [{"geom": {"triangles": {"v": [-185.3165131235728, -32.03465724736452, 31.5, -177.5665131235728, -45.03465724736452, 31.5, -161.8165131235728, -23.03465724736452, 31.5, -179.9415131235728, -46.03465724736452, 31.5, -149.4415131235728, -34.03465724736452, 31.5, -152.1290131235728, -19.03465724736452, 31.5, -163.1915131235728, -19.03465724736452, 31.5, -153.6290131235728, -15.034657247364521, 31.5, -168.3165131235728, -6.034657247364521, 31.5, -158.8790131235728, -1.034657247364521, 31.5, -168.6915131235728, -5.034657247364521, 31.5, -160.8790131235728, 3.965342752635479, 31.5, -170.8165131235728, -0.03465724736452103, 31.5, -163.4415131235728, 9.965342752635479, 31.5, -173.3165131235728, 5.965342752635479, 31.5, -173.8790131235728, 7.965342752635479, 31.5, -164.6915131235728, 13.965342752635479, 31.5, -147.4415131235728, -17.03465724736452, 31.5, -90.1915131235728, -11.034657247364521, 31.5, -95.5665131235728, 2.965342752635479, 31.5, -88.1915131235728, -10.034657247364521, 31.5, -72.6915131235728, 11.965342752635479, 31.5, -71.4415131235728, 11.965342752635479, 31.5, -38.191513123572804, 8.965342752635479, 31.5, -63.379013123572804, 14.965342752635479, 31.5, -70.6915131235728, 16.96534275263548, 31.5, -67.0665131235728, 18.96534275263548, 31.5, -66.6915131235728, 22.96534275263548, 31.5, -73.0665131235728, 18.96534275263548, 31.5, -72.1290131235728, 17.96534275263548, 31.5, -72.6290131235728, 23.96534275263548, 31.5, -73.3790131235728, 22.96534275263548, 31.5, -73.8790131235728, 19.96534275263548, 31.5, -74.0665131235728, 20.96534275263548, 31.5, -74.0040131235728, 21.96534275263548, 31.5, -71.1915131235728, 24.96534275263548, 31.5, -67.3165131235728, 23.96534275263548, 31.5, -69.7540131235728, 24.96534275263548, 31.5, -68.5665131235728, 24.96534275263548, 31.5, -66.3790131235728, 19.96534275263548, 31.5, -66.2540131235728, 21.96534275263548, 31.5, -66.1915131235728, 20.96534275263548, 31.5, -61.941513123572804, 15.965342752635479, 31.5, -43.629013123572804, 22.96534275263548, 31.5, 0.18348687642719597, 23.96534275263548, 31.5, -5.129013123572804, 37.96534275263548, 31.5], "f": [0, 1, 2, 0, 3, 1, 2, 1, 4, 5, 2, 4, 5, 6, 2, 7, 6, 5, 8, 6, 7, 9, 8, 7, 10, 8, 9, 9, 11, 10, 11, 12, 10, 13, 12, 11, 14, 12, 13, 13, 15, 14, 16, 15, 13, 5, 4, 17, 18, 17, 4, 19, 17, 18, 19, 18, 20, 21, 19, 20, 22, 21, 20, 23, 22, 20, 24, 22, 23, 25, 22, 24, 26, 25, 24, 27, 25, 26, 28, 25, 27, 28, 29, 25, 28, 27, 30, 28, 30, 31, 31, 32, 28, 31, 33, 32, 31, 34, 33, 27, 35, 30, 27, 36, 35, 36, 37, 35, 38, 37, 36, 27, 26, 39, 27, 39, 40, 40, 39, 41, 42, 24, 23, 43, 42, 23, 44, 43, 23, 45, 43, 44]}, "centroids": [[-99.45642447972205, -3.41960527934134, 31.5]]}, "mtl": {"idx": 0}}], "featureCount": 1, "startIndex": 0}