{"type": "block", "layer": 3, "block": 0, "features": [{"geom": {"polygons": [[[[-146.2479181198869, -22.30135728046298], [-121.69064319552854, -12.56868401542306], [-117.54405171656981, -21.484929943457246], [-142.76735946920235, -31.196118276566267], [-146.2479181198869, -22.30135728046298]]]], "centroids": [[-131.99911271198653, -21.88260056078434, 27.0]], "h": 4.5}, "mtl": {"idx": 0}}], "featureCount": 1, "startIndex": 0}