{"type": "block", "layer": 5, "block": 0, "features": [{"geom": {"polygons": [[[[-167.56490850704722, -30.867305099964142], [-140.06471230147872, -20.354688288643956], [-136.54543319891673, -28.780476914718747], [-164.2057808956597, -39.48217469267547], [-167.56490850704722, -30.867305099964142]]]], "centroids": [[-152.12285020097625, -29.887879721820354, 22.5]], "h": 4.5}, "mtl": {"idx": 0}}], "featureCount": 1, "startIndex": 0}