{"type": "block", "layer": 6, "block": 0, "features": [{"geom": {"polygons": [[[[-169.62205909437034, -25.591447612270713], [-164.2057808956597, -39.48217469267547], [-179.92101312358864, -45.59445724822581], [-185.3116131235147, -31.660257248207927], [-169.62205909437034, -25.591447612270713]]]], "centroids": [[-174.76679519948084, -35.58587787114084, 22.5]], "h": 4.5}, "mtl": {"idx": 0}}], "featureCount": 1, "startIndex": 0}