{"type": "block", "layer": 11, "block": 0, "features": [{"geom": {"polygons": [[[[0.15448687644675374, 23.60084275342524], [-38.21971312351525, 8.954642752185464], [-88.20191312360112, -10.122057247906923], [-90.1758131235838, -10.875457247719169], [-149.41611312353052, -33.793257247656584], [-177.5905131235486, -44.69285724684596], [-179.92101312358864, -45.59445724822581], [-185.3116131235147, -31.660257248207927], [-161.82701312354766, -22.574957247823477], [-163.22131312359124, -19.058757247403264], [-168.28911312355194, -6.277957247570157], [-168.69471312360838, -5.255257247015834], [-170.7951131236041, 0.04184275306761265], [-173.3375131235225, 6.453542752191424], [-173.8682131235255, 7.792142752557993], [-164.697413123562, 13.674942752346396], [-163.42061312356964, 10.373242752626538], [-160.86141312355176, 3.7556427530944347], [-158.90701312362216, -1.2979572471231222], [-153.60731312353164, -15.002357248216867], [-152.1296131236013, -18.82335724681616], [-147.41211312357336, -16.998357247561216], [-95.56641312362626, 3.0587427522987127], [-72.68021312355995, 11.845942752435803], [-71.46731312351767, 12.311642752960324], [-70.67661312362179, 17.161942752078176], [-72.12121312355157, 17.553742753341794], [-73.0506131235743, 18.560942752286792], [-73.86071312357672, 19.90534275211394], [-74.05611312354449, 20.854942752048373], [-73.98761312360875, 22.021942753344774], [-73.40201312361751, 23.238842751830816], [-72.59891312359832, 24.119742752984166], [-71.20601312362123, 24.906542751938105], [-69.72661312355194, 24.95984275266528], [-68.54731312359218, 24.807542752474546], [-67.3297131236177, 23.921642752364278], [-66.68911312357523, 22.93754275329411], [-66.26481312362012, 21.880542753264308], [-66.18881312361918, 20.65384275279939], [-66.40251312358305, 19.775042751803994], [-67.03651312354486, 18.654142752289772], [-63.35971312352922, 15.42454275302589], [-61.960113123524934, 15.961942752823234], [-43.63251312356442, 22.998742751777172], [-5.150213123532012, 37.773942751809955], [0.15448687644675374, 23.60084275342524]]]], "centroids": [[-99.45642447972205, -3.41960527934134, 0.0]], "h": 40.5}, "mtl": {"idx": 0}}], "featureCount": 1, "startIndex": 0}